"ArtNumber";"Title";"Description_Short";"DisplayPrice";"Img_url";"Deeplink1";"ProductCategoryID";"ProductCategoryName";"color";"lieferzeit";"Wichtigste Produkteigenschaften Aufzahlungspunkt 1";"Wichtigste Produkteigenschaften Aufzahlungspunkt 2";"Wichtigste Produkteigenschaften Aufzahlungspunkt 3";"Wichtigste Produkteigenschaften Aufzahlungspunkt 4";"Wichtigste Produkteigenschaften Aufzahlungspunkt 5";"Available sizes";"virtual_top10ofbrand";"virtual_top25"
"AD1-0003-10";"Adidas Damenschuhe Sneaker NIZZA HIGH SLEEK";"Design Sneaker von adidas Originals - NIZZA HIGH SLEEK grauer Stoffsneaker. Topaktuelle Sneaker versandkostenfrei bei zalando.de bestellen - we serve shoes!";"59.00 EUR";"http://i1.ztatic.de/large/A/D/AD1-0003-10__default__1.jpg";"http://partners.webmasterplan.com/click.asp?ref=535368&site=5643&type=text&tnb=1&diurl=http://www.zalando.de/adidas-nizza-high-sneaker-grau.html?cg=03&ch=03";32436492;"Schuhe > Damenschuhe > Sneaker";"grau";"1-2 Tage";"Sneaker mit grauem Flanell|Originals Sleek-Series";"Textil";"Innenmaterial: Textilfutter";"Decksohle: Textil";"abriebfester Gummi";"38";"0";"0"
"CL1-0007-01";"Clarks Herrenschuhe Freizeitschuhe WALLABEE Mokassin";"Der Clarks Mokassins sind das Referenzmodell für Komfort und Qualtiät, der WALLABEE bietet einfach einen tollen Tragekomfort. Genießen Sie unseren kostenlosen und schnellen Versand bei Zalando.de!";"89.00 EUR";"http://i1.ztatic.de/large/C/L/CL1-0007-01__default__1.jpg";"http://partners.webmasterplan.com/click.asp?ref=535368&site=5643&type=text&tnb=1&diurl=http://www.zalando.de/clarks-wallabee-mokassin.html?cg=03&ch=03";32436496;"Schuhe > Herrenschuhe > Freizeitschuhe";"schwarz";"1-2 Tage";"Exklusive Clarks Sohle; |Velour-Leder";"Leder";"Innenmaterial: Lederfutter";"Decksohle: Leder";"echter Naturcrepe";"43 44 44,5 45 46";"0";"0"
"CR1-0001-01";"Creative Recreation Damenschuhe Sneaker GALOW HI";"Entdecken Sie die coolen GALOW HI Edel-Sneaker von Creative Recreation, damit sind sie diesen Winter top modisch unterwegs! Kostenlose und schnelle Lieferung nur bei Zalando.de.";"95.00 EUR";"http://i1.ztatic.de/large/C/R/CR1-0001-01__default__1.jpg";"http://partners.webmasterplan.com/click.asp?ref=535368&site=5643&type=text&tnb=1&diurl=http://www.zalando.de/galow-hi-edel-sneaker-schwarz.html?cg=03&ch=03";32436492;"Schuhe > Damenschuhe > Sneaker";"schwarz";"1-2 Tage";"geprägter Logoschriftzug auf der Sohle|Metall-Schlüsselanhänger bei jedem Schuh dabei";"Leder";"Innenmaterial: Textilfutter";"Decksohle: Textil";"hochwertiger Kunststoff";"37";"0";"0"
"CR1-0004-20";"Creative Recreation Damenschuhe Sneaker Di Coco Hi";"Creative Recreation setzt Trends bei Farbe genauso wie bei Material und Qualität - mit diesen coolen Edel Sneakern ist man diesen Winter top modisch unterwegs. Knallbunt oder edel gestylt? Beides! Bei zalando.de mit kostenlosem Versand - we serve shoes!";"75.00 EUR";"http://i1.ztatic.de/large/C/R/CR1-0004-20__default__1.jpg";"http://partners.webmasterplan.com/click.asp?ref=535368&site=5643&type=text&tnb=1&diurl=http://www.zalando.de/di-coco-hi-edel-sneaker-bunt.html?cg=03&ch=03";32436492;"Schuhe > Damenschuhe > Sneaker";"multicolor";"1-2 Tage";"geprägter Logoschriftzug auf der Sohle|Metall-Schlüsselanhänger bei jedem Schuh dabei";"Leder";"Innenmaterial: Textilfutter";"Decksohle: Textil";"hochwertiger Kunststoff";"36,5 37 37,5";"0";"0"
"TI1-0003-03";"Timberland Herrenschuhe Freizeitschuhe CLASSIC BOAT Docksider";"Timberland CLASSIC BOAT - Der Klassiker - braunes, robustes Leder, die charakteristische Schnürung und hervorragende Qualität. Genießen Sie jetzt den kostenlosen Versand bei Zalando.de";"129.90 EUR";"http://i1.ztatic.de/large/T/I/TI1-0003-03__default__1.jpg";"http://partners.webmasterplan.com/click.asp?ref=535368&site=5643&type=text&tnb=1&diurl=http://www.zalando.de/timberland-classic-boat-braun.html?cg=03&ch=03";32436496;"Schuhe > Herrenschuhe > Freizeitschuhe";"braun";"1-2 Tage";"Bequem niedriger Schnitt|´Non-marking sole´, garantiert streifenfreie Laufsohle";"Leder";"Innenmaterial: Lederfutter";"Decksohle: Leder";"hochwertiger Kunststoff";"41 41,5 43";"0";"0"
"TI1-0001-03";"Timberland Herrenschuhe Freizeitschuhe Traditional Docksider";"Timberland Traditional Docksider - DER Klassiker - braunes, robustes Leder, die charakteristische Schnürung und hervorragende Qualtität. Genießen Sie den kostenlosen Versand bei Zalando.de.";"149.90 EUR";"http://i1.ztatic.de/large/T/I/TI1-0001-03__default__1.jpg";"http://partners.webmasterplan.com/click.asp?ref=535368&site=5643&type=text&tnb=1&diurl=http://www.zalando.de/timberland-traditional-classic-boat-braun.html?cg=03&ch=03";32436496;"Schuhe > Herrenschuhe > Freizeitschuhe";"braun";"1-2 Tage";"Extra verstärkter Schaft|besonders weiches Fußbett";"Leder";"Innenmaterial: Lederfutter";"Decksohle: Leder";"hochwertiger Kunststoff";"41,5 41 43,5 44 45";"0";"0"
"TI1-0002-03";"Timberland Slipper Mokassins NOREEN 3 EYE Docksider Damen";"Timberland Traditional Docksider sind die Klassiker unter den Freizeitschuhen. Braunes, robustes Leder, charakteristisch grobe Schnürsenkel, robuste Gummisohle und hochwertige Verarbeitung . Kostenloser Versand. Zalando - we serve shoes!";"149.90 EUR";"http://i2.ztatic.de/large/T/I/TI1-0002-03__default__1.jpg";"http://partners.webmasterplan.com/click.asp?ref=535368&site=5643&type=text&tnb=1&diurl=http://www.zalando.de/timberland-traditional-damen-braun.html?cg=03&ch=03";32492848;"Schuhe > Damenschuhe > Slipper > Mokassins";"braun";"1-2 Tage";"Extra verstärkter Schaft|besonders weiches Fußbett";"Leder";"Innenmaterial: Lederfutter";"Decksohle: Leder";"hochwertiger Kunststoff";"36 37 37,5 38,5 38 41";"1";"0"
"BL1-f21-0004-01";"Blowfish Outdoor  Boots HYBRID";"Absolut Stylischer Canvas Boot von Blowfish, Malibu aus Leinenstoff mit toller Schnalle. Genießen Sie die angesagten Modelle von Blowfish und unseren kostenlosen Versand bei Zalando.de.";"39.00 EUR";"http://i1.ztatic.de/large/B/L/BL1-f21-0004-01__default__1.jpg";"http://partners.webmasterplan.com/click.asp?ref=535368&site=5643&type=text&tnb=1&diurl=http://www.zalando.de/hybrid-canvas-boot-schwarz.html?cg=03&ch=03";32512340;"Schuhe > Damenschuhe > Outdoor > Boots";"schwarz";"1-2 Tage";"Ringschnalle mit Klettriemen|Innenreißverschluss";"Textil";"Innenmaterial: Textilfutter";"Decksohle: Textil";"hochwertiger Kunststoff";"36";"0";"0"
"BL1-f21-0005-01";"Blowfish Damenschuhe Stiefel FURGIE";"Einfach COOL - Riemen Boot von Blowfish, Malibu in schwarz mit tollen Metall-Schnallen. Genießen Sie die Vielfalt an Blowfish-Modellen mit kostenlosem und schnellem Versand bei Zalando.de!";"59.00 EUR";"http://i2.ztatic.de/large/B/L/BL1-f21-0005-01__default__1.jpg";"http://partners.webmasterplan.com/click.asp?ref=535368&site=5643&type=text&tnb=1&diurl=http://www.zalando.de/furgie-style-boot-schwarz.html?cg=03&ch=03";32436499;"Schuhe > Damenschuhe > Stiefel";"schwarz";"1-2 Tage";"Riemen mit Ringschnallen|herrlich weiches Innenfutter";"Textil";"Innenmaterial: Textilfutter";"Decksohle: Textil";"hochwertiger Kunststoff";"36";"0";"0"
"PA1-f24-0002-10";"Pataugas Outdoor  Boots ROSSINI";"PATAUGAS - die Kult-Marke aus Frankreich! Edler Stiefel in Metallic-Glanz aus softem Leder. Top Verarbeitung und extravaganter Look! Jetzt versandkosenfrei bestellen bei zalando.de";"109.00 EUR";"http://i2.ztatic.de/large/P/A/PA1-f24-0002-10__default__1.jpg";"http://partners.webmasterplan.com/click.asp?ref=535368&site=5643&type=text&tnb=1&diurl=http://www.zalando.de/pataugas-leder-stiefel-grau-metallic.html?cg=03&ch=03";32512340;"Schuhe > Damenschuhe > Outdoor > Boots";"grau";"1-2 Tage";"Logo am Außenknöchel|praktischer Innen Zipper";"Leder";"Innenmaterial: Lederfutter";"Decksohle: Leder";"hochwertiger Kunststoff";"36";"0";"0"
"HU1-f40-0002-03";"Hunter Outdoor Schuhe Boots Damen";"HUNTER Boots sind absolut angesagt - auf Großstadtboulevards wie auf Rockfestivals! Versandkostenfrei mit schneller Lieferung bei Zalando.de bestellen.";"109.95 EUR";"http://i2.ztatic.de/large/H/U/HU1-40-0002-03__default__1.jpg";"http://partners.webmasterplan.com/click.asp?ref=535368&site=5643&type=text&tnb=1&diurl=http://www.zalando.de/hunter-boots-original-dunkelbraun.html?cg=03&ch=03";32492847;"Schuhe > Damenschuhe > Outdoor Schuhe > Boots";"braun";"1-2 Tage";"Logo am vorderen Schaftrand |wasserdicht";"Naturkautschuk";"Innenmaterial: Nylon gefüttert";"Decksohle: Nylon";"abriebfester Gummi";"36";"0";"0"
"HU1-f40-0002-06";"Hunter Outdoor Schuhe Boots Damen";"HUNTER Boots sind absolut angesagt - auf Großstadtboulevards wie auf Rockfestivals! Bei Zalando.de versandkostenfrei bestellen und die schnelle Lieferung genießen.";"109.95 EUR";"http://i1.ztatic.de/large/h/u/hu1-f40-0002-06__default__1.jpg";"http://partners.webmasterplan.com/click.asp?ref=535368&site=5643&type=text&tnb=1&diurl=http://www.zalando.de/hunter-boots-original-gruen.html?cg=03&ch=03";32492847;"Schuhe > Damenschuhe > Outdoor Schuhe > Boots";"gruen";"1-2 Tage";"top Style|wasserdicht";"Naturkautschuk";"Innenmaterial: Nylon gefüttert";"Decksohle: Nylon";"abriebfester Gummi";"36 37 39 40,5 47";"1";"0"
"GL1-f31-0001-01";"Glerups.dk Pantoletten Hausschuhe Hausschuh";"Wunderschöner Design Hausschuh aus ökologischem Wollfilz von Glerups.dk - mit wohlig warmen Füßen durch die kalten Wintertage! Jetzt versandkostenfrei bestellen im Shop von zalando.de - we serve shoes!";"69.95 EUR";"http://i1.ztatic.de/large/G/L/GL1-f31-0001-01__default__1.jpg";"http://partners.webmasterplan.com/click.asp?ref=535368&site=5643&type=text&tnb=1&diurl=http://www.zalando.de/glerups-hausschuh-filz-schwarz.html?cg=03&ch=03";32492850;"Schuhe > Damenschuhe > Pantoletten > Hausschuhe";"schwarz";"1-2 Tage";"aus ökologisch erzeugter Wolle|dezentes Design";"Filz aus Schafwolle";"";"";"echtes Leder";"36 37 38 39 40 41 43 44 45 46 47";"1";"0"
"GL1-f31-0001-05";"Glerups.dk Pantoletten Hausschuhe Hausschuh";"Wunderschöner Design Hausschuh aus ökologischem Wollfilz von Glerups.dk - mit wohlig warmen Füßen durch die kalten Wintertage! Jetzt versandkostenfrei bestellen im Shop von zalando.de - we serve shoes!";"69.95 EUR";"http://i1.ztatic.de/large/G/L/GL1-f31-0001-05__default__1.jpg";"http://partners.webmasterplan.com/click.asp?ref=535368&site=5643&type=text&tnb=1&diurl=http://www.zalando.de/glerups-hausschuh-filz-rot.html?cg=03&ch=03";32492850;"Schuhe > Damenschuhe > Pantoletten > Hausschuhe";"rot";"1-2 Tage";"aus ökologisch erzeugter Wolle|dezentes Design";"Filz aus Schafwolle";"";"";"echtes Leder";"36 37 38 39 40 41";"1";"0"
"HU1-f40-0002-05";"Hunter Outdoor Schuhe Boots Damen";"HUNTER Boots sind absolut angesagt - auf Großstadtboulevards wie auf Rockfestivals schützen sie vor Regen und Schnee. Jetzt versandkostenfrei bestellen bei zalando.de - we serve shoes!";"109.95 EUR";"http://i2.ztatic.de/large/H/U/HU1-f40-0002-05__default__1.jpg";"http://partners.webmasterplan.com/click.asp?ref=535368&site=5643&type=text&tnb=1&diurl=http://www.zalando.de/hunter-boots-original-rot.html?cg=03&ch=03";32492847;"Schuhe > Damenschuhe > Outdoor Schuhe > Boots";"rot";"1-2 Tage";"Logo am vorderen Schaftrand |wasserdicht";"Naturkautschuk";"Innenmaterial: Nylon gefüttert";"Decksohle: Nylon";"abriebfester Gummi";"36";"0";"0"
"TI1-m27-0007-03";"Timberland Herrenschuhe Freizeitschuhe ANNIVERSARY";"Die Timberland Boot mit robustem Fettleder und hochwertiger Verarbeitung. Jetzt Ihre Stiefel und Schuhe versandkostenfrei bei zalando.de bestellen - we serve shoes!";"169.95 EUR";"http://i2.ztatic.de/large/T/I/TI1-m27-0007-03__default__1.jpg";"http://partners.webmasterplan.com/click.asp?ref=535368&site=5643&type=text&tnb=1&diurl=http://www.zalando.de/timberland-anniversary-leder-boot-dunkelbraun.html?cg=03&ch=03";32436496;"Schuhe > Herrenschuhe > Freizeitschuhe";"braun";"1-2 Tage";"´Waterproof-System´|Winterfeste Sohle für sicheren Schritt und Tritt";"Leder";"Innenmaterial: Lederfutter";"Decksohle: Leder";"hochwertiger Kunststoff";"40 43,5 44 45 46 47,5 49 50";"1";"0"
"CR1-f06-0001-20";"Creative Recreation Damenschuhe Sneaker GALOW HI";"Cool und unkonventionell - Der GALOW HI aus der Kreativschmiede von Creative Recreation. Bestellen -Sie mit kostenlosem Versand und schneller Lieferung bei Zalando.de!";"95.00 EUR";"http://i2.ztatic.de/large/C/R/CR1-f06-0001-20__default__1.jpg";"http://partners.webmasterplan.com/click.asp?ref=535368&site=5643&type=text&tnb=1&diurl=http://www.zalando.de/galow-hi-edel-sneaker-multicolor.html?cg=03&ch=03";32436492;"Schuhe > Damenschuhe > Sneaker";"multicolor";"1-2 Tage";"aufwendig gestanztes Leder|Metall-Schlüsselanhänger bei jedem Schuh dabei";"Leder";"Innenmaterial: Textilfutter";"Decksohle: Textil";"hochwertiger Kunststoff";"37";"0";"0"
"CR1-f06-0001-12";"Creative Recreation Damenschuhe Sneaker GALOW HI";"In den angesagtesten Clubs zu Hause - Der GALOW HI aus der Kreativschmiede von Creative Recreation. Jetzt mit kostenlosem Versand bei zalando.de bestellen - we serve shoes!";"95.00 EUR";"http://i2.ztatic.de/large/C/R/CR1-f06-0011-12__default__1.jpg";"http://partners.webmasterplan.com/click.asp?ref=535368&site=5643&type=text&tnb=1&diurl=http://www.zalando.de/galow-hi-edel-sneaker-weiss-gold.html?cg=03&ch=03";32436492;"Schuhe > Damenschuhe > Sneaker";"weiss komb.";"1-2 Tage";"aufwendig gestanztes Leder|Metall-Schlüsselanhänger bei jedem Schuh dabei";"Leder";"Innenmaterial: Textilfutter";"Decksohle: Textil";"hochwertiger Kunststoff";"37";"0";"0"
"EL1-f22-0006-03";"El Naturalista Damenschuhe Stiefeletten ANGELINA";"Bezaubernde Winter-Stiefelette von EL NATURALISTA - wohlig warm durch den Winter. Bei zalando.de bestellen und den kostenlosen Versand genießen!";"149.95 EUR";"http://i2.ztatic.de/large/E/L/EL1-f22-0006-03__default__1.jpg";"http://partners.webmasterplan.com/click.asp?ref=535368&site=5643&type=text&tnb=1&diurl=http://www.zalando.de/el-naturalista-angelina-absatz-stiefelette-dunkelbraun.html?cg=03&ch=03";32436502;"Schuhe > Damenschuhe > Stiefeletten";"braun";"1-2 Tage";"robust und sportiv |auswechselbares Fussbett";"Leder";"Innenmaterial: Lederfutter";"Decksohle: Leder";"hochwertiger Natur-Kautschuk";"36 37 38 39 40 41 42";"0";"0"
"BL1-f21-0003-01";"Blowfish Stiefeletten Boots HOBBIT";"Hier gibt´s die tollen Boots von Blowfish, Malibu in trendigen Farben und Styles. Genießen Sie die Auswahl angesagter Labels und unseren kostenlosen und schnellen Versand bei Zalando.de!";"45.00 EUR";"http://i2.ztatic.de/large/B/L/BL1-f21-0003-01__default__1.jpg";"http://partners.webmasterplan.com/click.asp?ref=535368&site=5643&type=text&tnb=1&diurl=http://www.zalando.de/hobbit-short-boot-schwarz.html?cg=03&ch=03";32492857;"Schuhe > Damenschuhe > Stiefeletten > Ankle Boots";"schwarz";"1-2 Tage";"superweiche Sohle|lila Innenfutter";"Hochwertiges Lederimitat";"Innenmaterial: Textilfutter";"Decksohle: Textil";"hochwertiger Kunststoff";"36";"0";"0"
"DI1-f20-0013-01";"Diesel Damenschuhe Stiefeletten EASY RIDER";"Eleganz pur! Die Diesel EASY RIDER Booties kombinieren höchste Qualität, hochwertige Materialien und aufwendige Details. Genießen Sie unseren schnellen und kostenlosen Versand bei Zalando.de.";"169.00 EUR";"http://i2.ztatic.de/large/D/I/DI1-f20-0013-01__default__1.jpg";"http://partners.webmasterplan.com/click.asp?ref=535368&site=5643&type=text&tnb=1&diurl=http://www.zalando.de/easy-rider-bootie-schwarz.html?cg=03&ch=03";32436502;"Schuhe > Damenschuhe > Stiefeletten";"schwarz";"1-2 Tage";"detailreiches Design  |sehr hochwertige Materialkombination";"Leder";"Innenmaterial: Lederfutter";"Decksohle: Leder";"echtes Leder";"36";"0";"0"
"BL1-f21-0009-01";"Blowfish Stiefeletten Boots HOBBIT";"ENDLICH DA! Die HOBBIT Boots von Blowfish, Malibu in tollen Farben - In Schwarz zum grünen Innenfutter, einfach Cool! Jetzt mit kostenlosem Versand und schneller Lieferung bei Zalando.de bestellen!";"49.00 EUR";"http://i2.ztatic.de/large/B/L/BL1-f21-0009-01__default__1.jpg";"http://partners.webmasterplan.com/click.asp?ref=535368&site=5643&type=text&tnb=1&diurl=http://www.zalando.de/blowfish-hobbit-short-boot-canvas-schwarz.html?cg=03&ch=03";32492857;"Schuhe > Damenschuhe > Stiefeletten > Ankle Boots";"schwarz";"1-2 Tage";"Honigfarbene, softe Sohle|grünes Innenfutter";"Textil";"Innenmaterial: Textilfutter";"Decksohle: Textil";"hochwertiger Kunststoff";"37";"0";"0"
"BL1-f21-0009-19";"Blowfish Stiefeletten Boots HOBBIT";"ENDLICH DA! Die HOBBIT Boots von Blowfish Malibu in tollen Farben - In Khaki mit gras- grünem Innenfutter, einfach cool! Jetzt mit kostenlosem Versand und schneller Lieferung bei Zalando.de bestellen!";"39.00 EUR";"http://i1.ztatic.de/large/B/L/BL1-f21-0009-19__default__1.jpg";"http://partners.webmasterplan.com/click.asp?ref=535368&site=5643&type=text&tnb=1&diurl=http://www.zalando.de/blowfish-hobbit-short-boot-canvas-khaki.html?cg=03&ch=03";32492857;"Schuhe > Damenschuhe > Stiefeletten > Ankle Boots";"oliv";"1-2 Tage";"Honigfarbene, softe Laufsohle|strahlend grünes Innenfutter";"Textil";"Innenmaterial: Textilfutter";"Decksohle: Textil";"hochwertiger Kunststoff";"38";"0";"0"
"BL1-f13-0011-01";"Blowfish Damenschuhe Sandalen LA VILLA";"Der Trend des Sommers - Sandaletten im Gladiatoren-Look von Blowfish Malibu. Entdecken Sie bei Zalando.de die neuesten Modelle von Blowfish mit kostenlosem Versand!";"39.00 EUR";"http://i2.ztatic.de/large/B/L/BL1-f11-0011-01__default__1.jpg";"http://partners.webmasterplan.com/click.asp?ref=535368&site=5643&type=text&tnb=1&diurl=http://www.zalando.de/blowfish-sandalette-la-villa-schwarz.html?cg=03&ch=03";32436504;"Schuhe > Damenschuhe > Sandaletten";"schwarz";"1-2 Tage";"Zehensandale im Römer-Look|weiches Obermaterial";"Hochwertiges Lederimitat";"Innenmaterial: Textilfutter";"Decksohle: Textil";"hochwertiger Kunststoff";"37 40 41 42";"0";"0"
"BL1-f13-0011-03";"Blowfish Damenschuhe Sandalen LA VILLA";"Der Trend des Sommers - dunkelbraune Sandaletten im Gladiatoren-Look von Blowfish Malibu. Entdecken Sie bei Zalando.de die neuesten Modelle von Blowfish mit kostenlosem Versand!";"39.00 EUR";"http://i2.ztatic.de/large/B/L/BL1-f13-0011-03__default__1.jpg";"http://partners.webmasterplan.com/click.asp?ref=535368&site=5643&type=text&tnb=1&diurl=http://www.zalando.de/blowfish-sandalette-la-villa-dunkelbraun.html?cg=03&ch=03";32436504;"Schuhe > Damenschuhe > Sandaletten";"braun";"1-2 Tage";"Zehensandale im Römer-Look|dezente Raffung an der Fersenkappe";"Hochwertiges Lederimitat";"Innenmaterial: Textilfutter";"Decksohle: Textil";"hochwertiger Kunststoff";"37 40 41";"0";"0"
"CL1-f15-0024-01";"Clarks Damenschuhe Pantoletten PANCAKE SYRUP";"Schön geschnittene Sanalette aus weichen Leder-Riemchen mit raten Nähten und einem geflochtenen Zierband. Genießen Sie den schnellen und kostenlosen Versand bei Zalando.de!";"49.00 EUR";"http://i2.ztatic.de/large/C/L/CL1-f15-0024-01__default__1.jpg";"http://partners.webmasterplan.com/click.asp?ref=535368&site=5643&type=text&tnb=1&diurl=http://www.zalando.de/clarks-pancake-syrup-dianette-schwarz.html?cg=03&ch=03";32436506;"Schuhe > Damenschuhe > Pantoletten";"schwarz";"1-2 Tage";"´Active Air´ Laufsohle|praktischer Elastikeinsatz an der Schnalle";"Leder";"Innenmaterial: Lederfutter";"Decksohle: Leder";"hochwertiger Kunststoff";"39";"0";"0"
"TI1-m04-0012-13";"Timberland Herrenschuhe Freizeitschuhe EK21";"Timberland EK21 Leder-Mokassin - braunes Oberleder in Vintage-Optik sowie die charakteristische Schnürung des Docksiders. Genießen Sie jetzt den kostenlosen Versand bei Zalando.de";"95.00 EUR";"http://i2.ztatic.de/large/T/I/TI1-m04-0012-13__default__1.jpg";"http://partners.webmasterplan.com/click.asp?ref=535368&site=5643&type=text&tnb=1&diurl=http://www.zalando.de/timberland-ek21-leder-mokassin-wheat.html?cg=03&ch=03";32436496;"Schuhe > Herrenschuhe > Freizeitschuhe";"braun";"1-2 Tage";"Logo-Prägung an der Seite|´Non-marking sole´, garantiert streifenfreie Laufsohle";"Leder";"Innenmaterial: Lederfutter";"Decksohle: Leder";"hochwertiger Kunststoff";"41,5";"0";"0"
"MI1-f11-0001-13";"Minnetonka Schnürer Fransen damen KILTY MOC";"Styling-Tipp: Für alle Grosstadtindianer gibt es jetzt die neuesten Modelle von MINNETONKA bei Zalando.de. Mokassins und Fransenstiefel jetzt versandkostenfrei bestellen.";"45.00 EUR";"http://i2.ztatic.de/large/M/I/MI1-f11-0001-13__default__1.jpg";"http://partners.webmasterplan.com/click.asp?ref=535368&site=5643&type=text&tnb=1&diurl=http://www.zalando.de/minnetonka-kilty-mokassin-peace-brown-suede-leder.html?cg=03&ch=03";32492851;"Schuhe > Damenschuhe > Schnürer > Mokassin";"braun";"1-2 Tage";"auch barfuß zu empfehlen|Antik-silberfarbene Nieten auf dem Blatt";"Leder";"Innenmaterial: Lederfutter";"Decksohle: Leder";"abriebfester Gummi";"36 37 38";"0";"0"
"VA1-f11-0019-05";"Vagabond Damenschuhe Boots GRAZIELA";"Super trendy Ballerinas von Vagabond - topaktuell und modisch in den Frühling! Jetzt kostenfreier und schneller Versand bei Zalando.de!";"55.00 EUR";"http://i2.ztatic.de/large/V/A/VA1-f11-0019-05__default__1.jpg";"http://partners.webmasterplan.com/click.asp?ref=535368&site=5643&type=text&tnb=1&diurl=http://www.zalando.de/graziela-ballerina-rot.html?cg=03&ch=03";32436503;"Schuhe > Damenschuhe > Ballerinas";"rot";"1-2 Tage";"super leicht und flexibel|witziger Musterpprint auf Innen- und Laufsohle";"Leder";"Innenmaterial: Textilfutter";"Decksohle: Synthetik";"abriebfester Gummi";"40";"0";"0"
"VA1-f13-0024-03";"Vagabond Sandaletten Flache Sandaletten MICRO";"Sommertrend Indianer-Look. Angesagte Fesselsandalen im Römer-Stil aus der aktuellen Kollektion von Vagabond. Jetzt versandkostenfrei mit schneller Lieferung bei Zalando.de bestellen";"69.95 EUR";"http://i2.ztatic.de/large/V/A/VA1-f13-0024-03__default__1.jpg";"http://partners.webmasterplan.com/click.asp?ref=535368&site=5643&type=text&tnb=1&diurl=http://www.zalando.de/vagabond-micro-fransensandale-dark-brown.html?cg=03&ch=03";32491633;"Schuhe > Damenschuhe > Sandaletten > Flache Sandaletten";"braun";"1-2 Tage";"Intarsien-Prägung auf der Innensohle|leicht und flexibel";"Leder";"";"Decksohle: Leder";"hochwertiger Kunststoff";"36 37 38 39 40 41";"0";"0"
"FR1-f14-0004-14";"Fru.it Damenschuhe Pantoletten Fransen";"Italienische Designer Schuhe, direkt von der Adria jetzt bei Zalando.de! Fru.it Fashion-Pantolette mit top-modischen Fransen - jetzt versandkostenfrei bestellen und den schnellen Versand genießen.";"89.00 EUR";"http://i1.ztatic.de/large/F/R/FR1-f14-0004-14__default__1.jpg";"http://partners.webmasterplan.com/click.asp?ref=535368&site=5643&type=text&tnb=1&diurl=http://www.zalando.de/fruit-fransen-pantolette-veloursleder-camel.html?cg=03&ch=03";32436506;"Schuhe > Damenschuhe > Pantoletten";"beige";"1-2 Tage";"Veloursleder bezogenes Fersenpolster|rutschfeste Reliefsohle";"Leder";"";"Decksohle: Leder";"hochwertiger Kunststoff";"37";"0";"0"
"FR1-f14-0004-23";"Fru.it Damenschuhe Pantoletten Fransen";"Edle italienische Designer Schuhe, direkt von der Adria jetzt bei Zalando.de! Fru.it Fashion-Pantolette im top-modischen Fransen-Stil - jetzt versandkostenfrei bestellen und den schnellen Versand genießen.";"89.00 EUR";"http://i1.ztatic.de/large/F/R/FR1-f14-0004-23__default__1.jpg";"http://partners.webmasterplan.com/click.asp?ref=535368&site=5643&type=text&tnb=1&diurl=http://www.zalando.de/fruit-fransen-pantolette-veloursleder-tufo.html?cg=03&ch=03";32436506;"Schuhe > Damenschuhe > Pantoletten";"braun";"1-2 Tage";"Veloursleder-Pad mit Fersenpolster|rutschsichere Reliefsohle";"Leder";"";"Decksohle: Leder";"hochwertiger Kunststoff";"37 38";"0";"0"
"ST2-f06-0002-12";"Striipe Damenschuhe Sneaker BOOT W SHINE";"Street Culture aus Dänemark - BOOT W SHINE im Retro-Look von Striipe in schönem Farben-Mix. Jetzt kostenfrei und schnell bei Zalando.de bestellen und genießen.";"35.00 EUR";"http://i2.ztatic.de/large/S/T/ST1-f06-0002-12__default__1.jpg";"http://partners.webmasterplan.com/click.asp?ref=535368&site=5643&type=text&tnb=1&diurl=http://www.zalando.de/striipe-boot-w-shine-sneaker-high-white-silver.html?cg=03&ch=03";32436492;"Schuhe > Damenschuhe > Sneaker";"weiss komb.";"1-2 Tage";"aufgesticktes Striipe-Logo auf der Ferse|silber-farbene Ösen mit Striipe-Logo-Prägung";"Kunststoff / Nylon";"Innenmaterial: Textilfutter";"Decksohle: Textil";"hochwertiger Kunststoff";"38";"0";"0"
"MI1-f11-0007-13";"Minnetonka Schnürer Fransen damen KILTY MOC";"Styling-Tipp: Für alle Grosstadtindianer gibt es jetzt die neuesten Modelle von MINNETONKA bei Zalando.de. Mokassins und Fransenstiefel jetzt versandkostenfrei bestellen.";"45.00 EUR";"http://i1.ztatic.de/large/M/I/MI1-f04-0007-13__default__6.jpg";"http://partners.webmasterplan.com/click.asp?ref=535368&site=5643&type=text&tnb=1&diurl=http://www.zalando.de/minnetonka-kilty-leder-mokassin-brown.html?cg=03&ch=03";32492851;"Schuhe > Damenschuhe > Schnürer > Mokassin";"braun";"1-2 Tage";"auch barfuß zu empfehlen|Lederdurchzug";"Leder";"Innenmaterial: Lederfutter";"Decksohle: Leder";"abriebfester Gummi";"37";"0";"0"
"PA1-f05-0004-33";"Pataugas Damenschuhe Sneaker Sneaker";"PATAUGAS - die Kult-Marke aus Frankreich! ?´sthetische Sneaker und Booties aus softem Leder und hochwertiger Verarbeitung! Jetzt versandkosenfrei bestellen bei zalando.de";"99.00 EUR";"http://i2.ztatic.de/large/P/A/PA1-f05-0004-33__default__1.jpg";"http://partners.webmasterplan.com/click.asp?ref=535368&site=5643&type=text&tnb=1&diurl=http://www.zalando.de/pataugas-sneaker-bronze.html?cg=03&ch=03";32436492;"Schuhe > Damenschuhe > Sneaker";"braun komb.";"1-2 Tage";"edle Lederkombination|hochwertige Verarbeitung";"Leder";"Innenmaterial: Lederfutter";"Decksohle: Leder";"hochwertiger Kunststoff";"38";"0";"0"
"EL1-f21-0009-02";"El Naturalista Stiefeletten Elegante Stiefeletten DUNA";"Die Stiefelette des Sommers kommt von EL NATURALISTA! Bei zalando.de bestellen und den kostenlosen Versand genießen - Schuhe online bestellen!";"139.95 EUR";"http://i1.ztatic.de/large/E/L/EL1-f21-0009-02__default__1.jpg";"http://partners.webmasterplan.com/click.asp?ref=535368&site=5643&type=text&tnb=1&diurl=http://www.zalando.de/el-naturalista-duna-leder-stiefelette-weiss.html?cg=03&ch=03";32492852;"Schuhe > Damenschuhe > Stiefeletten > Elegante Stiefeletten";"weiss";"1-2 Tage";"raffiniertes Design|auswechselbares Fussbett";"Leder";"Innenmaterial: Lederfutter";"Decksohle: Leder";"hochwertiger Natur-Kautschuk";"40 41 42";"0";"0"
"AD1-f05-0003-01";"Adidas Damenschuhe Sneaker NIZZA LOW SLEEK W";"STYLE-HIGHLIGHT aus der Sleek Series in edlem Canvas und schwarzen Lack-Streifen. Jetzt die coole Modelle versandkostenfrei bei Zalando.de bestellen und anprobieren!";"49.00 EUR";"http://i2.ztatic.de/large/A/D/AD1-f05-0003-01__default__1.jpg";"http://partners.webmasterplan.com/click.asp?ref=535368&site=5643&type=text&tnb=1&diurl=http://www.zalando.de/adidas-nizza-low-sleek-sneaker-black-ligoni.html?cg=03&ch=03";32436492;"Schuhe > Damenschuhe > Sneaker";"schwarz";"1-2 Tage";"schwarz-silberne Schnürsenkelkappen´ |Sneaker im Classic-Style";"Leinen";"Innenmaterial: Synthetik gefüttert";"Decksohle: Synthetik";"abriebfester Gummi";"38,5 40,5";"0";"0"
"FL1-f09-0002-01";"flip*flop Damenschuhe Pumps FLIPPA CLASSIC";"Sommerliche Keil-Peep-Toes vim Kult-Label flip*flop in vielen Farben. Diese und viele andere Modelle der Sommerkollektion gibt es jetzt versandkostenfrei bei Zalando.de.";"59.00 EUR";"http://i1.ztatic.de/large/F/L/FL1-f09-0002-01__default__1.jpg";"http://partners.webmasterplan.com/click.asp?ref=535368&site=5643&type=text&tnb=1&diurl=http://www.zalando.de/flip-flop-flippa-classic-keil-peep-toe-schwarz.html?cg=03&ch=03";32436500;"Schuhe > Damenschuhe > Pumps";"schwarz";"1-2 Tage";"Laufsohle mit rutschhemmenden Profil|Top Verarbeitung";"Leinen";"Innenmaterial: Lederfutter";"Decksohle: Leder";"abriebfester Gummi";"36 38 39 40 41 42";"1";"0"
"FL1-f09-0002-16";"flip*flop Pumps Keilpumps FLIPPA CLASSIC";"Sommerlicher Keil-Peep-Toe aus der aktuellen Kollektion von flip*flop in vielen verschiedenen Farben. Jetzt versandkostenfreien sowie schnellen Versand genießen bei Zalando.de - kostenlose Hotline.";"69.95 EUR";"http://i1.ztatic.de/large/F/L/FL1-f09-0002-16__default__1.jpg";"http://partners.webmasterplan.com/click.asp?ref=535368&site=5643&type=text&tnb=1&diurl=http://www.zalando.de/flip-flop-flippa-classic-keil-peep-toe-very-pink.html?cg=03&ch=03";32491628;"Schuhe > Damenschuhe > Pumps > Peeptoes";"pink";"1-2 Tage";"Blumenstickerei auf der Ferse|Keilabsatz aus natürlichem Bast";"Leinen";"Innenmaterial: Lederfutter";"Decksohle: Leder";"abriebfester Gummi";"39 40 41";"0";"0"
"FL1-f13-0008-17";"flip*flop Damenschuhe Sandalen FRINGE";"Sommerliche Fransensandalette aus der aktuellen Kollektion von flip*flop in vielen bunten Farben. Jetzt versandkostenfreien sowie schnellen Versand genießen - bei Zalando.de - kostenlose Hotline.";"69.00 EUR";"http://i1.ztatic.de/large/F/L/FL1-f13-0008-17__default__1.jpg";"http://partners.webmasterplan.com/click.asp?ref=535368&site=5643&type=text&tnb=1&diurl=http://www.zalando.de/flip-flop-fringe-fransensandalette-chili.html?cg=03&ch=03";32436504;"Schuhe > Damenschuhe > Sandaletten";"orange";"1-2 Tage";"Logo-Print auf der Innensohle|Lederschichtabsatz";"Leder";"";"Decksohle: Leder";"echtes Leder";"36 37 38 39 40";"0";"0"
"FL1-f13-0008-05";"flip*flop Damenschuhe Sandalen FRINGE";"Sommerliche Fransensandalette aus der aktuellen Kollektion von flip*flop in vielen bunten Farben. Jetzt versandkostenfreien sowie schnellen Versand genießen - bei Zalando.de - kostenlose Hotline.";"69.00 EUR";"http://i2.ztatic.de/large/F/L/FL1-f13-0008-05__default__1.jpg";"http://partners.webmasterplan.com/click.asp?ref=535368&site=5643&type=text&tnb=1&diurl=http://www.zalando.de/flip-flop-fringe-fransensandalette-grass.html?cg=03&ch=03";32436504;"Schuhe > Damenschuhe > Sandaletten";"gruen";"1-2 Tage";"Logo-Print auf der Innensohle|Lederschichtabsatz";"Leder";"";"Decksohle: Leder";"echtes Leder";"36 37";"0";"0"
"FL1-f15-0006-07";"flip*flop Damenschuhe Pantoletten FLIPPA STRAP";"Sommerliche Keilpantoletten aus der aktuellen Kollektion von flip*flop in vielen bunten Farben. Jetzt versandkostenfreien sowie schnellen Versand genießen bei Zalando.de - kostenlose Hotline.";"39.00 EUR";"http://i2.ztatic.de/large/F/L/FL1-f15-0006-07__default__1.jpg";"http://partners.webmasterplan.com/click.asp?ref=535368&site=5643&type=text&tnb=1&diurl=http://www.zalando.de/flip-flop-flippa-strap-keilpantolette-saffron.html?cg=03&ch=03";32436506;"Schuhe > Damenschuhe > Pantoletten";"gelb";"1-2 Tage";"Blumenstickerei auf der Ferse|Keilabsatz mit Bastüberzug";"Leinen";"Innenmaterial: Lederfutter";"Decksohle: Textil";"abriebfester Gummi";"40";"0";"0"
"FL1-f13-0008-13";"flip*flop Damenschuhe Sandalen FRINGE";"Sommerliche Fransensandalett aus der aktuellen Kollektion von flip*flop in vielen bunten Farben. Jetzt versandkostenfreien sowie schnellen Versand genießen - bei Zalando.de - kostenlose Hotline.";"69.00 EUR";"http://i1.ztatic.de/large/F/L/FL1-f13-0008-13__default__1.jpg";"http://partners.webmasterplan.com/click.asp?ref=535368&site=5643&type=text&tnb=1&diurl=http://www.zalando.de/flip-flop-fringe-fransensandalette-indian-brown.html?cg=03&ch=03";32436504;"Schuhe > Damenschuhe > Sandaletten";"braun";"1-2 Tage";"Logo-Print auf der Innensohle|Lederschichtabsatz";"Leder";"";"Decksohle: Leder";"echtes Leder";"36 37 38 39";"0";"0"
"FL1-f15-0006-04";"flip*flop Damenschuhe Pantoletten FLIPPA STRAP";"Sommerliche Keilpantoletten aus der aktuellen Kollektion von Flip Flop in vielen verschiedenen Fraben. Jetzt versandkostenfreien sowie schnellen Versand genießen bei Zalando.de - kostenlose Hotline.";"49.00 EUR";"http://i1.ztatic.de/large/F/L/FL1-f15-0006-04__default__1.jpg";"http://partners.webmasterplan.com/click.asp?ref=535368&site=5643&type=text&tnb=1&diurl=http://www.zalando.de/flip-flop-flippa-strap-keilpantolette-nori.html?cg=03&ch=03";32436506;"Schuhe > Damenschuhe > Pantoletten";"blau";"1-2 Tage";"Blumenstickerei auf der Ferse|Keilabsatz mit Bastüberzug";"Leinen";"Innenmaterial: Lederfutter";"Decksohle: Textil";"abriebfester Gummi";"38";"0";"0"
"FL1-f15-0006-05";"flip*flop Damenschuhe Pantoletten FLIPPA STRAP";"Sommerliche Keilpantoletten aus der aktuellen Kollektion von Flip Flop. Jetzt versandkostenfreien sowie schnellen Versand genießen bei Zalando.de - kostenlose Hotline.";"39.00 EUR";"http://i2.ztatic.de/large/F/L/FL1-f15-0006-05__default__1.jpg";"http://partners.webmasterplan.com/click.asp?ref=535368&site=5643&type=text&tnb=1&diurl=http://www.zalando.de/flip-flop-flippa-strap-keilpantolette-grass.html?cg=03&ch=03";32436506;"Schuhe > Damenschuhe > Pantoletten";"gruen";"1-2 Tage";"Blumenstickerei auf der Ferse|Keilabsatz mit Bastüberzug";"Leinen";"Innenmaterial: Lederfutter";"Decksohle: Textil";"abriebfester Gummi";"36 37 38";"0";"0"
"FL1-f15-0006-17";"flip*flop Damenschuhe Pantoletten FLIPPA STRAP";"Sommerliche Keilpantoletten aus der aktuellen Kollektion von flip*flop in vielen bunten Farben. Jetzt versandkostenfreien sowie schnellen Versand genießen bei Zalando.de - kostenlose Hotline.";"39.00 EUR";"http://i1.ztatic.de/large/F/L/FL1-f15-0006-17__default__1.jpg";"http://partners.webmasterplan.com/click.asp?ref=535368&site=5643&type=text&tnb=1&diurl=http://www.zalando.de/flip-flop-flippa-strap-keilpantolette-chili.html?cg=03&ch=03";32436506;"Schuhe > Damenschuhe > Pantoletten";"orange";"1-2 Tage";"Blumenstickerei auf der Ferse|Keilabsatz mit Bastüberzug";"Leinen";"Innenmaterial: Lederfutter";"Decksohle: Textil";"abriebfester Gummi";"38";"0";"0"
"TI1-m27-0013-23";"Timberland Herrenschuhe Freizeitschuhe 6 INCH PREMIUM BOOT";"Der 6 INCH - der Urboot und Kultobjekt von Timberland aus wasserfestem Nubuckleder. Bestellen Sie jetzt Ihre Stiefel und Schuhe versandkostenfrei bei Zalando.de!";"169.95 EUR";"http://i1.ztatic.de/large/T/I/TI1-m27-0013-23__default__1.jpg";"http://partners.webmasterplan.com/click.asp?ref=535368&site=5643&type=text&tnb=1&diurl=http://www.zalando.de/timberland-6-inch-premium-boots-wheat.html?cg=03&ch=03";32436496;"Schuhe > Herrenschuhe > Freizeitschuhe";"braun";"1-2 Tage";"´Timberland Waterproof-System´|robust und langlebig";"Leder";"Innenmaterial: Lederfutter";"Decksohle: Leder";"hochwertiger Natur-Kautschuk";"46 47,5";"0";"0"
"EL1-f04-0015-05";"El Naturalista Damenschuhe Schuhe SHIRA";"EL NATURALISTA bringt Lifestyle und ökologische Verantwortung zusammen - der SHIRA ist der Beweis. Genießen Sie den kostenlosen und schnellen Versand bei Zalando.de";"79.00 EUR";"http://i2.ztatic.de/large/E/L/EL1-f04-0015-05__default__1.jpg";"http://partners.webmasterplan.com/click.asp?ref=535368&site=5643&type=text&tnb=1&diurl=http://www.zalando.de/el-naturalista-shira-slipper-tibet.html?cg=03&ch=03";32436505;"Schuhe > Damenschuhe > Slipper";"rot";"1-2 Tage";"natürlich verarbeitete Materialien|Frog-Shock-System";"Leder";"Innenmaterial: Lederfutter";"Decksohle: Leder";"hochwertiger Natur-Kautschuk";"36";"0";"0"
"EL1-f02-0017-05";"El Naturalista Damenschuhe Sneaker MELISSA";"EL NATURALISTA - das ist Lifestyle gepaart mit ökologischer Verantwortung und sozialem Engagement. Echte EL NATURALISTA Schuhe aus natürlichen Materialien - Jetzt bei Zalando.de bestellen - versandkostenfrei!";"89.00 EUR";"http://i2.ztatic.de/large/E/L/EL1-f02-0017-05__default__1.jpg";"http://partners.webmasterplan.com/click.asp?ref=535368&site=5643&type=text&tnb=1&diurl=http://www.zalando.de/melissa-ledersneaker-tibet.html?cg=03&ch=03";32436492;"Schuhe > Damenschuhe > Sneaker";"rot";"1-2 Tage";"natürliche Materialien |komfortable Innensohle mit Fußbett";"Leder";"Innenmaterial: Lederfutter";"Decksohle: Leder";"hochwertiger Natur-Kautschuk";"36 37 38 40";"0";"0"
"EL1-m02-0017-03";"El Naturalista Damenschuhe Sneaker MELISSA Lederschnürer";"EL NATURALISTA - das ist Lifestyle gepaart mit ökologischer Verantwortung und sozialem Engagement. Echte EL NATURALISTA Schuhe aus natürlichen Materialien - Jetzt bei Zalando.de bestellen - versandkostenfrei!";"79.00 EUR";"http://i2.ztatic.de/large/E/L/EL1-m02-0017-03__default__1.jpg";"http://partners.webmasterplan.com/click.asp?ref=535368&site=5643&type=text&tnb=1&diurl=http://www.zalando.de/el-naturalista-lederschnurer-brown.html?cg=03&ch=03";32436497;"Schuhe > Damenschuhe > Schnürer";"braun";"1-2 Tage";"natürliche Materialien |komfortable Innensohle mit Fußbett";"Leder";"Innenmaterial: Lederfutter";"Decksohle: Leder";"hochwertiger Natur-Kautschuk";"42";"0";"0"
"FL1-f15-0009-03";"flip*flop Damenschuhe Pantoletten TOE FU BRAID";"Exklusiv bei Zalando: TOE FU BRAID, die perfekte Sommer-Pantolette aus der aktuellen Kollektion von flip*flop. Jetzt die Sonne und den kostenlosen sowie schnellen Versand genießen!";"59.00 EUR";"http://i1.ztatic.de/large/F/L/FL1-f15-0009-03__default__1.jpg";"http://partners.webmasterplan.com/click.asp?ref=535368&site=5643&type=text&tnb=1&diurl=http://www.zalando.de/flip-flop-toe-fu-braid-pantolette-indian-brown.html?cg=03&ch=03";32436506;"Schuhe > Damenschuhe > Pantoletten";"braun";"1-2 Tage";"Logo-Prägung auf der Innensohle|typisches Wellenprofil";"Leder";"";"Decksohle: Leder";"abriebfester Gummi";"36";"0";"0"
"FL1-f15-0010-17";"flip*flop Pantoletten Zehentrenner TOE FU ORIGINAL";"EXKLUSIV bei Zalando: TOE FU, sommerliche Leder-Flip Flops aus der aktuellen Kollektion von flip*flop. Jetzt den kostenlosen sowie schnellen Versand bei Zalando.de genießen!";"79.95 EUR";"http://i2.ztatic.de/large/F/L/FL1-f15-0010-17__default__1.jpg";"http://partners.webmasterplan.com/click.asp?ref=535368&site=5643&type=text&tnb=1&diurl=http://www.zalando.de/flip-flop-toe-fu-original-chili.html?cg=03&ch=03";32491632;"Schuhe > Damenschuhe > Pantoletten > Zehentrenner";"orange";"1-2 Tage";"Logo-Prägung auf der Innensohle|Marken-typisches Wellenprofil";"Leder";"";"Decksohle: Leder";"abriebfester Gummi";"37";"0";"0"
"KE2-f02-0001-04";"Keds Damenschuhe Sneaker CHAMPION";"Der Keds CHAMPION Canvas-Sneaker ist der Sommer-Hit! In vielen verschiedenen Farben jetzt versandkostenfrei bei Zalando.de bestellen!";"35.00 EUR";"http://i1.ztatic.de/large/K/E/KE2-f02-0001-04__default__1.jpg";"http://partners.webmasterplan.com/click.asp?ref=535368&site=5643&type=text&tnb=1&diurl=http://www.zalando.de/keds-champion-canvas-schnuerer-navy.html?cg=03&ch=03";32436492;"Schuhe > Damenschuhe > Sneaker";"blau";"1-2 Tage";"Retro-Style Laufsohle|4-Loch-Schnürung";"Leinen";"Innenmaterial: Textilfutter";"Decksohle: Textil";"hochwertiger Kunststoff";"36";"0";"0"
"KE2-f02-0001-05";"Keds Damenschuhe Sneaker CHAMPION";"Mit dem KEDS Champion Canvas-Sneaker durch den Frühling und Sommer! In vielen verschiedenen Farben jetzt versandkostenfrei bei Zalando.de bestellen!";"29.00 EUR";"http://i2.ztatic.de/large/K/E/KE2-f02-0001-05__default__1.jpg";"http://partners.webmasterplan.com/click.asp?ref=535368&site=5643&type=text&tnb=1&diurl=http://www.zalando.de/champion-canvas-schnurer-red.html?cg=03&ch=03";32436492;"Schuhe > Damenschuhe > Sneaker";"rot";"1-2 Tage";"Vulkanisierte Laufsohle|4-Loch-Schnürer";"Leinen";"Innenmaterial: Textilfutter";"Decksohle: Textil";"";"36";"0";"0"
"CR1-f06-0001-15";"Creative Recreation Damenschuhe Sneaker Galow Hi";"Mit diesen coolen Edel Sneakern ist man top modisch unterwegs. Knallbunt oder edel gestylt? Beides! Bei zalando.de mit kostenlosem Versand - we serve shoes!";"75.00 EUR";"http://i2.ztatic.de/large/C/R/CR1-f06-0001-15__default__1.jpg";"http://partners.webmasterplan.com/click.asp?ref=535368&site=5643&type=text&tnb=1&diurl=http://www.zalando.de/creative-recreation-dicocohi-purple.html?cg=03&ch=03";32436492;"Schuhe > Damenschuhe > Sneaker";"violett";"1-2 Tage";"goldfarbene Ösen|Metall-Schlüsselanhänger bei jedem Schuh dabei";"Kunststoff / Nylon";"Innenmaterial: Textilfutter";"Decksohle: Textil";"hochwertiger Kunststoff";"37,5 37";"0";"0"
"TA1-f12-0034-14";"Tamaris Damenschuhe Sandalen Riemchensandalette";"Tamaris Sommer-Sandale für den Stadtbummel oder heiße Partynächte. Genießen Sie die Auswahl top-aktueller Damen Sandaletten mit kostenlosem Versand bei Zalando.de!";"29.00 EUR";"http://i2.ztatic.de/large/T/A/TA1-f12-0034-14__default__1.jpg";"http://partners.webmasterplan.com/click.asp?ref=535368&site=5643&type=text&tnb=1&diurl=http://www.zalando.de/tamaris-sandalette-leder-sand.html?cg=03&ch=03";32436504;"Schuhe > Damenschuhe > Sandaletten";"beige";"1-2 Tage";"Lederüberzogener Blockabsatz|Sohle in violett";"Leder";"Innenmaterial: Lederfutter";"Decksohle: Leder";"hochwertiger Kunststoff";"39";"0";"0"
"LA1-f20-0003-14";"Latitude Femme Damenschuhe Pumps Hochfront";"Stadtbummel oder Strandbar! Glamour pur mit den top-aktuellen Schuhen von Latitude femme. Kostenloser Versand bei Zalando.de!";"95.00 EUR";"http://i1.ztatic.de/large/L/A/LA1-f20-0003-14__default__1.jpg";"http://partners.webmasterplan.com/click.asp?ref=535368&site=5643&type=text&tnb=1&diurl=http://www.zalando.de/hochfront-sandalette-natur.html?cg=03&ch=03";32436500;"Schuhe > Damenschuhe > Pumps";"beige";"1-2 Tage";"lederüberzogener Blockabsatz|hochwertiges Leder";"Leder";"Innenmaterial: Lederfutter";"Decksohle: Leder";"echtes Leder";"37";"0";"0"
"CR1-f06-0012-20";"Creative Recreation Damenschuhe Sneaker DI COCO HI";"Creative Recreation: der Trendsetter in punkto Farben, Material und Qualität. - mit den angesagten Creatives ist man diesen Sommer stylish unterwegs. Bei Zalando.de mit kostenlosem Versand und kostenloser Hotline.";"65.00 EUR";"http://i2.ztatic.de/large/C/R/CR1-f06-0012-20__default__1.jpg";"http://partners.webmasterplan.com/click.asp?ref=535368&site=5643&type=text&tnb=1&diurl=http://www.zalando.de/di-coco-hi-edel-sneaker-bunt.html?cg=03&ch=03";32436492;"Schuhe > Damenschuhe > Sneaker";"multicolor";"1-2 Tage";"geprägter Logoschriftzug auf der Sohle|Metall-Schlüsselanhänger bei jedem Schuh dabei";"Leder und Textil";"Innenmaterial: Textilfutter";"Decksohle: Textil";"hochwertiger Kunststoff";"37,5 37 38 39 40";"0";"0"
"BL1-f11-0008-16";"Blowfish Damenschuhe Boots SEGMENT";"Wunderschöne Ballerinas mit ultra-flacher Silhouette - in fuchsia, der Style-Tipp für den Sommer! Genießen Sie die tollen Modelle von Blowfish und den kostenlosen Versand bei Zalando.de!";"25.00 EUR";"http://i2.ztatic.de/large/B/L/BL1-f11-0008-16__default__1.jpg";"http://partners.webmasterplan.com/click.asp?ref=535368&site=5643&type=text&tnb=1&diurl=http://www.zalando.de/segment-ballerina-canvas-fuchsia.html?cg=03&ch=03";32436503;"Schuhe > Damenschuhe > Ballerinas";"pink";"1-2 Tage";"3-Knopfleiste auf dem Blatt|leichte, flexible Laufsohle";"Textil";"Innenmaterial: Textilfutter";"Decksohle: Textil";"hochwertiger Kunststoff";"36";"0";"0"
"BL1-f11-0014-07";"Blowfish Damenschuhe Boots MICASA";"Wunderschöner Ballerina mit ultra-flacher Silhouette - in schwarz, der Style-Tipp für den Sommer! Genießen Sie die neuesten Modelle von Blowfish und den kostenlosen Versand bei Zalando.de!";"29.00 EUR";"http://i1.ztatic.de/large/B/L/BL1-f11-0014-07__default__1.jpg";"http://partners.webmasterplan.com/click.asp?ref=535368&site=5643&type=text&tnb=1&diurl=http://www.zalando.de/micasa-ballerina-canvas-yellow.html?cg=03&ch=03";32436503;"Schuhe > Damenschuhe > Ballerinas";"gelb";"1-2 Tage";"Gummibänder auf dem Spann|Innenfutter mit Blowfish-Label";"Textil";"Innenmaterial: Textilfutter";"Decksohle: Textil";"hochwertiger Kunststoff";"37";"0";"0"
"BL1-f11-0013-01";"Blowfish Damenschuhe Boots HUTT";"Wunderschöner Ballerina mit ultra-moderner Reißverschluss-Applikation - in schwarz, der Style-Tipp für den Sommer! Genießen Sie die neuesten Modelle von Blowfish und den kostenlosen Versand bei Zalando.de!";"35.00 EUR";"http://i2.ztatic.de/large/B/L/BL1-f11-0013-01__default__1.jpg";"http://partners.webmasterplan.com/click.asp?ref=535368&site=5643&type=text&tnb=1&diurl=http://www.zalando.de/hutt-ballerina-schwarz.html?cg=03&ch=03";32436503;"Schuhe > Damenschuhe > Ballerinas";"schwarz";"1-2 Tage";"griffiges Profil|Innenfutter in leuchtendem Grün";"Hochwertiges Lederimitat";"Innenmaterial: Textilfutter";"Decksohle: Textil";"hochwertiger Kunststoff";"37";"0";"0"
"BL1-f11-0015-06";"Blowfish Damenschuhe Boots SPANDEX";"Wunderschöner Ballerina mit ultra-flacher Silhouette - in schwarz, der Style-Tipp für den Sommer! Genießen Sie die neuesten Modelle von Blowfish und den kostenlosen Versand bei Zalando.de!";"29.00 EUR";"http://i1.ztatic.de/large/B/L/BL1-f11-0015-06__default__1.jpg";"http://partners.webmasterplan.com/click.asp?ref=535368&site=5643&type=text&tnb=1&diurl=http://www.zalando.de/spandex-ballerina-khaki.html?cg=03&ch=03";32436503;"Schuhe > Damenschuhe > Ballerinas";"gruen";"1-2 Tage";"Bänder auf dem Spann|Innenfutter mit Blowfish-Label";"Textil";"Innenmaterial: Textilfutter";"Decksohle: Textil";"hochwertiger Kunststoff";"36";"0";"0"
"BL1-f11-0015-17";"Blowfish Damenschuhe Boots SPANDEX";"Wunderschöner Ballerina SPANDEX mit ultra-flacher Silhouette - in Schwarz, der Style-Tipp für den Sommer! Genießen Sie die neuesten Modelle von Blowfish und den kostenlosen Versand bei Zalando.de!";"29.00 EUR";"http://i1.ztatic.de/large/B/L/BL1-f11-0015-17__default__1.jpg";"http://partners.webmasterplan.com/click.asp?ref=535368&site=5643&type=text&tnb=1&diurl=http://www.zalando.de/spandex-ballerina-orange.html?cg=03&ch=03";32436503;"Schuhe > Damenschuhe > Ballerinas";"orange";"1-2 Tage";"Bänder auf dem Spann|Innenfutter mit Blowfish-Label";"Textil";"Innenmaterial: Textilfutter";"Decksohle: Textil";"hochwertiger Kunststoff";"36";"0";"0"
"BL1-f21-0018-10";"Blowfish Stiefeletten Boots HAMISH";"HAMISH, the ONE and only! Trendige Boots von Blowfish, Malibu - der absolute Fashion-Hit! Jetzt mit schneller Lieferung und kostenlosem Versand bei Zalando.de.";"55.00 EUR";"http://i2.ztatic.de/large/B/L/BL1-f21-0018-10__default__1.jpg";"http://partners.webmasterplan.com/click.asp?ref=535368&site=5643&type=text&tnb=1&diurl=http://www.zalando.de/blowfish-hamish-canvas-boot-grey-washed-twill.html?cg=03&ch=03";32492857;"Schuhe > Damenschuhe > Stiefeletten > Ankle Boots";"grau";"1-2 Tage";"Knopfleiste am Schaft |lila Innenfutter";"Textil";"Innenmaterial: Textilfutter";"Decksohle: Textil";"hochwertiger Kunststoff";"37";"0";"0"
"CR1-f06-0010-10";"Creative Recreation Damenschuhe Sneaker CESARIO Wn´s Sneaker";"CESARIO Lack-Sneaker mit türkis-farbenen Paspelierungen. Jetzt die exklusiven Modelle von Cre8tive Recreation bei Zalando.de versandkostenfrei bestellen!";"79.00 EUR";"http://i1.ztatic.de/large/C/R/CR1-f06-0010-10__default__1.jpg";"http://partners.webmasterplan.com/click.asp?ref=535368&site=5643&type=text&tnb=1&diurl=http://www.zalando.de/creative-recreation-cesario-grau-tuerkis.html?cg=03&ch=03";32436492;"Schuhe > Damenschuhe > Sneaker";"grau";"1-2 Tage";"goldene Schnellschnürung|Metall-Schlüsselanhänger bei jedem Schuh dabei";"Kunststoff / Nylon";"Innenmaterial: Textilfutter";"Decksohle: Textil";"hochwertiger Kunststoff";"38 39";"0";"0"
"GO1-m05-0001-02";"Gola Herrenschuhe Freizeitschuhe HARRIER";"Herrensneaker im Original Retro-Style: Der Gola HARRIER Sneaker in weiss! Versand, Umtausch & Hotline bei Zalando.de immer kostenfrei.";"84.95 EUR";"http://i1.ztatic.de/large/G/O/GO1-m05-0001-02__default__1.jpg";"http://partners.webmasterplan.com/click.asp?ref=535368&site=5643&type=text&tnb=1&diurl=http://www.zalando.de/gola-harrier-sneaker-white-dk-green.html?cg=03&ch=03";32436496;"Schuhe > Herrenschuhe > Freizeitschuhe";"weiss";"1-2 Tage";"7-Loch-Schnürung|Goldene Logo-Prägung an der Zunge";"Leder";"Innenmaterial: Kombination aus Leder und Textilfutter";"Decksohle: Textil";"hochwertiger Kunststoff";"41 42 43 44 45 46";"1";"0"
"GO1-f05-0001-03";"Gola Sneaker Sneaker low HARRIER";"Damenschuhe im Original Retro-Style -der Gola HARRIER Sneaker in Braun!  Versand, Umtausch & Hotline bei Zalando.de immer kostenfrei.";"84.95 EUR";"http://i2.ztatic.de/large/G/O/GO1-f05-0001-03__default__1.jpg";"http://partners.webmasterplan.com/click.asp?ref=535368&site=5643&type=text&tnb=1&diurl=http://www.zalando.de/gola-harrier-sneaker-brown-pale-blue.html?cg=03&ch=03";32491612;"Schuhe > Damenschuhe > Sneaker > Sneaker low";"braun";"1-2 Tage";"Laufsohle mit Fischgrätenprofil|Goldene Logo-Prägung an der Zunge";"Leder";"Innenmaterial: Kombination aus Leder und Textilfutter";"Decksohle: Textil";"hochwertiger Kunststoff";"36 37 38 40 41";"0";"0"
"GO1-f05-0001-12";"Gola Sneaker Sneaker low HARRIER";"Retro-Look von Gola! Bestellen Sie jetzt die brandneuen Gola HARRIER - Sneaker bei Zalando.de und profitieren Sie von unserem kostenlosen Versand!";"84.95 EUR";"http://i2.ztatic.de/large/G/O/GO1-f05-0001-12__default__1.jpg";"http://partners.webmasterplan.com/click.asp?ref=535368&site=5643&type=text&tnb=1&diurl=http://www.zalando.de/gola-harrier-sneaker-white-navy-red.html?cg=03&ch=03";32491612;"Schuhe > Damenschuhe > Sneaker > Sneaker low";"weiss komb.";"1-2 Tage";"Laufsohle mit Fischgrätenprofil|Goldene Logo-Prägung an der Zunge";"Leder";"Innenmaterial: Kombination aus Leder und Textilfutter";"Decksohle: Textil";"hochwertiger Kunststoff";"36 37";"0";"0"
"BL1-f11-0008-15";"Blowfish Damenschuhe Boots SEGMENT";"Wunderschöne Ballerinas mit ultra-flacher Silhouette - in purple, der Style-Tipp für den Sommer! Genießen Sie die tollen Modelle von Blowfish und den kostenlosen Versand bei Zalando.de!";"35.00 EUR";"http://i1.ztatic.de/large/B/L/BL1-f11-0008-15__default__1.jpg";"http://partners.webmasterplan.com/click.asp?ref=535368&site=5643&type=text&tnb=1&diurl=http://www.zalando.de/blowfish-segment-ballerina-canvas-purple.html?cg=03&ch=03";32436503;"Schuhe > Damenschuhe > Ballerinas";"violett";"1-2 Tage";"3-Knopfleiste auf dem Blatt|leichte, flexible Laufsohle";"Textil";"Innenmaterial: Textilfutter";"Decksohle: Textil";"hochwertiger Kunststoff";"36 37 38 41";"0";"0"
"FO1-f20-0014-06";"Fornarina Stiefeletten Stiefeletten BEA";"Girl Power! Fornarina steht für das Lebensgefühl ganzer Generationen von jungen Frauen. Feminin, sexy und cool sind die aktuellen Stiefeletten - jetzt versandkostenfrei bestellen bei Zalando.de!";"105.00 EUR";"http://i2.ztatic.de/large/F/O/FO1-f20-0014-06__default__1.jpg";"http://partners.webmasterplan.com/click.asp?ref=535368&site=5643&type=text&tnb=1&diurl=http://www.zalando.de/fornarina-bea-ankle-boot-gruen.html?cg=03&ch=03";32492857;"Schuhe > Damenschuhe > Stiefeletten > Ankle Boots";"gruen";"1-2 Tage";"weiche flexible Sohle|Nieten-Look";"Leder";"Innenmaterial: Lederimitat";"Decksohle: Lederimitat";"hochwertiger Kunststoff";"37";"0";"0"
"ST4-f09-0003-16";"Stylesnob Pumps Peep toes NOVIA";"Stylesnob Keil-Peep-Toe für einen imposanten Auftritt, direkt aus Kopenhagen! Brandaktuelle Kollektion mit kostenfreiem und schnellem Versand bei Zalando.de!";"79.00 EUR";"http://i1.ztatic.de/large/S/T/ST4-f09-0003-16__default__1.jpg";"http://partners.webmasterplan.com/click.asp?ref=535368&site=5643&type=text&tnb=1&diurl=http://www.zalando.de/keil-peep-toe-fuchsia.html?cg=03&ch=03";32491628;"Schuhe > Damenschuhe > Pumps > Peeptoes";"pink";"1-2 Tage";"goldener Labeldruck auf Decksohle|butterweiches Leder";"Textil";"Innenmaterial: Lederfutter";"Decksohle: Leder";"hochwertiger Kunststoff";"41";"1";"0"
"ST4-f09-0003-17";"Stylesnob Pumps Peep toes NOVIA";"Stylesnob Keil-Peep-Toe für einen imposanten Auftritt, direkt aus Kopenhagen! Brandaktuelle Kollektion mit kostenfreiem und schnellem Versand bei Zalando.de!";"79.00 EUR";"http://i2.ztatic.de/large/S/T/ST4-f09-0003-17__default__1.jpg";"http://partners.webmasterplan.com/click.asp?ref=535368&site=5643&type=text&tnb=1&diurl=http://www.zalando.de/stylesnob-novia-keil-peep-toe-orange.html?cg=03&ch=03";32491628;"Schuhe > Damenschuhe > Pumps > Peeptoes";"orange";"1-2 Tage";"goldener Labeldruck auf Decksohle|butterweiches Leder";"Leder";"Innenmaterial: Lederfutter";"Decksohle: Leder";"hochwertiger Kunststoff";"36";"1";"0"
"ST4-f12-0002-17";"Stylesnob Damenschuhe Sandalen GLADIA SNAKE";"Edler Römer-Look vom dänischen Trendlabel STYLESNOB jetzt bei Zalando.de! Bei Bestellung Versand und Umtausch gratis sowie kostenlose Hotline und Beratung!";"69.00 EUR";"http://i1.ztatic.de/large/S/T/ST4-f12-0002-17__default__1.jpg";"http://partners.webmasterplan.com/click.asp?ref=535368&site=5643&type=text&tnb=1&diurl=http://www.zalando.de/stylesnob-gladia-snake-riemchen-sandale-orange.html?cg=03&ch=03";32436504;"Schuhe > Damenschuhe > Sandaletten";"orange";"1-2 Tage";"goldene Schnallen und Nieten|Schlangenleder-Optik";"Leder";"Innenmaterial: Lederfutter";"Decksohle: Leder";"hochwertiger Kunststoff";"36";"1";"0"
"ST4-f12-0002-03";"Stylesnob Damenschuhe Sandalen GLADIA SNAKE";"Edle Riemchen-Sandale GLADIA SNAKE vom High-Class-Label STYLESNOB. Jetzt bei Zalando.de mit kostenlosem Versand und schneller Lieferung bestellen!";"69.00 EUR";"http://i2.ztatic.de/large/S/T/ST4-f12-0002-03__default__1.jpg";"http://partners.webmasterplan.com/click.asp?ref=535368&site=5643&type=text&tnb=1&diurl=http://www.zalando.de/stylesnob-gladia-snake-riemchen-sandale-dark-brown.html?cg=03&ch=03";32436504;"Schuhe > Damenschuhe > Sandaletten";"braun";"1-2 Tage";"goldene Nieten und Schnallen|Schlangenleder-Optik mit Glanzeffekt";"Leder";"Innenmaterial: Lederfutter";"Decksohle: Leder";"hochwertiger Kunststoff";"37";"1";"0"
"ST4-f12-0002-15";"Stylesnob Damenschuhe Sandalen GLADIA SNAKE";"Edle Riemchen-Sandale GLADIA SNAKE vom High-Class-Label Stylesnob- Jetzt bei Zalando.de! Bei Bestellung Versand und Umtausch gratis sowie kostenlose Hotline und Beratung.";"69.00 EUR";"http://i1.ztatic.de/large/S/T/ST4-f12-0002-15__default__1.jpg";"http://partners.webmasterplan.com/click.asp?ref=535368&site=5643&type=text&tnb=1&diurl=http://www.zalando.de/stylesnob-gladia-snake-riemchen-sandale-purple.html?cg=03&ch=03";32436504;"Schuhe > Damenschuhe > Sandaletten";"violett";"1-2 Tage";"goldene Nieten und Schnallen|hochwertige Verarbeitung";"Leder";"Innenmaterial: Lederfutter";"Decksohle: Leder";"hochwertiger Kunststoff";"36";"1";"0"
"ST4-f12-0002-16";"Stylesnob Damenschuhe Sandalen GLADIA SNAKE";"Think PINK! Edle Riemchen-Sandale GLADIA SNAKE vom High-Class-Label STYLESNOB. Jetzt bei Zalando.de den kostenlosen Versand und die schnelle Lieferung genießen!";"69.00 EUR";"http://i2.ztatic.de/large/S/T/ST4-f12-0002-16__default__1.jpg";"http://partners.webmasterplan.com/click.asp?ref=535368&site=5643&type=text&tnb=1&diurl=http://www.zalando.de/stylesnob-gladia-snake-riemchen-sandale-pink.html?cg=03&ch=03";32436504;"Schuhe > Damenschuhe > Sandaletten";"pink";"1-2 Tage";"goldene Nieten und Schnallen|hochwertige Verarbeitung";"Leder";"Innenmaterial: Lederfutter";"Decksohle: Leder";"hochwertiger Kunststoff";"36";"1";"0"
"CR1-f06-0001-04";"Creative Recreation Damenschuhe Sneaker W GALOW HI";"Coole W GALOW Hi Edel Sneakers, knallbunt und edel gestylt! Die besten Creative Modelle gibt´s bei Zalando.de mit kostenlosem Versand und kostenloser Hotline!";"105.00 EUR";"http://i2.ztatic.de/large/C/R/CR1-f06-0001-04__default__1.jpg";"http://partners.webmasterplan.com/click.asp?ref=535368&site=5643&type=text&tnb=1&diurl=http://www.zalando.de/creative-recreation-galow-hi-navy-pink-fuchsia-gold.html?cg=03&ch=03";32436492;"Schuhe > Damenschuhe > Sneaker";"blau";"1-2 Tage";"fabrlich abgestimmte Details|hoher Satin-Polsterschaft";"Kunststoff / Nylon";"Innenmaterial: Textilfutter";"Decksohle: Textil";"hochwertiger Kunststoff";"37";"0";"0"
"ST3-f20-0009-23";"Steve Madden Damenschuhe Stiefeletten STAYGE";"Ein Muss für die neue Herbst-Winter-Kollektion! | Bestellen Sie schon jetzt die neuen STAYGE von Steve Madden bei Zalando.de und profitieren Sie von unserem kostenlosen Versand!";"105.00 EUR";"http://i1.ztatic.de/large/s/t/st3-f20-0009-23__default__1.jpg";"http://partners.webmasterplan.com/click.asp?ref=535368&site=5643&type=text&tnb=1&diurl=http://www.zalando.de/steve-madden-stayge-stiefelette-hellbraun.html?cg=03&ch=03";32436502;"Schuhe > Damenschuhe > Stiefeletten";"braun";"1-2 Tage";"Absatz und Laufsohle im Used-Look|verstellbare Schnalle an der Ferse";"Leder";"Innenmaterial: Textilfutter";"Decksohle: Leder";"hochwertiger Kunststoff";"36 37";"0";"0"
"CR1-m06-0014-12";"Creative Recreation Herrenschuhe Freizeitschuhe DI COCO Select metallic/gold/vapor/white/royal";"Sneaker Design der Zukunft - DI COCO von Creative Recreation ein echter Trendsetter! Die coolen Cre8tives gibt es mit kostenlosem Versand bei Zalando.de!";"129.00 EUR";"http://i1.ztatic.de/large/C/R/CR1-m06-0014-12__default__1.jpg";"http://partners.webmasterplan.com/click.asp?ref=535368&site=5643&type=text&tnb=1&diurl=http://www.zalando.de/creative-recreation-di-coco-met-gold-vpr-white-royal.html?cg=03&ch=03";32436496;"Schuhe > Herrenschuhe > Freizeitschuhe";"weiss komb.";"1-2 Tage";"geprägter Logoschriftzug an der Sohle|Metall-Schlüsselanhänger bei jedem Schuh dabei";"Leder";"Innenmaterial: Lederfutter";"Decksohle: Leder";"hochwertiger Kunststoff";"42";"0";"0"
"CR1-f06-0016-20";"Creative Recreation Damenschuhe Sneaker DICOCO HI";"Top stylisch und brandneu - die DICOCO von Creative Recreation! Bestellen Sie jetzt die neue Kollektion und andere Top-Marken bei Zalando.de zum kostenlosen Versand.";"85.00 EUR";"http://i2.ztatic.de/large/C/R/CR1-f06-0016-20__default__1.jpg";"http://partners.webmasterplan.com/click.asp?ref=535368&site=5643&type=text&tnb=1&diurl=http://www.zalando.de/dicoco-hi-edel-sneaker-madras-lavender.html?cg=03&ch=03";32436492;"Schuhe > Damenschuhe > Sneaker";"multicolor";"1-2 Tage";"goldene Metall-Ösen am Schaft|Metall-Schlüsselanhänger bei jedem Schuh dabei";"Leder und Textil";"Innenmaterial: Textilfutter";"Decksohle: Textil";"hochwertiger Kunststoff";"41";"0";"0"
"CR1-f05-0016-20";"Creative Recreation Damenschuhe Sneaker CESARIO Wn´s";"Die brandneuen CESARIO im angesagten Farbmix sind da! Bestellen Sie jetzt Top-Marken bei Zalando.de und profitieren Sie von unserem kostenlosen Versand!";"65.00 EUR";"http://i1.ztatic.de/large/C/R/CR1-f05-0016-20__default__1.jpg";"http://partners.webmasterplan.com/click.asp?ref=535368&site=5643&type=text&tnb=1&diurl=http://www.zalando.de/cesario-wn-s-sneaker-low-madras-lavender.html?cg=03&ch=03";32436492;"Schuhe > Damenschuhe > Sneaker";"multicolor";"1-2 Tage";"Logo-Prägung an der Ferse und auf der Laufsohle|Metall-Schlüsselanhänger bei jedem Schuh dabei";"Leder und Textil";"Innenmaterial: Textilfutter";"Decksohle: Textil";"hochwertiger Kunststoff";"37 37,5 40,5";"0";"0"
"BL1-f21-0019-01";"Blowfish Stiefeletten Sportliche Stiefeletten SO WHAT";"Der coole Trend-Bootie von Blowfish, Malibu in straight Black Buttercalf und perforiertem Obermateria! Endlich bei Zalando.de und mit kostenlosem, schnellem Versand!";"59.95 EUR";"http://i1.ztatic.de/large/B/L/BL1-f21-0019-01__default__1.jpg";"http://partners.webmasterplan.com/click.asp?ref=535368&site=5643&type=text&tnb=1&diurl=http://www.zalando.de/blowfish-so-what-short-boot-black-buttercalf.html?cg=03&ch=03";32491630;"Schuhe > Damenschuhe > Stiefeletten > Sportliche Stiefeletten";"schwarz";"1-2 Tage";"superweiche Sohle|violettes Innenfutter";"Hochwertiges Lederimitat";"Innenmaterial: Textilfutter";"Decksohle: Textil";"hochwertiger Kunststoff";"37 38 39";"0";"0"
"BL1-f21-0019-03";"Blowfish Stiefeletten Flache Stiefel SO WHAT";"Der coole Trend-Bootie von Blowfish, Malibu in Dark Brown Buttercalf und perforiertem Obermateria! Endlich bei Zalando.de und mit kostenlosem, schnellem Versand!";"59.95 EUR";"http://i1.ztatic.de/large/B/L/BL1-f21-0019-03__default__1.jpg";"http://partners.webmasterplan.com/click.asp?ref=535368&site=5643&type=text&tnb=1&diurl=http://www.zalando.de/blowfish-so-what-short-boot-dark-brown-buttercalf.html?cg=03&ch=03";32492857;"Schuhe > Damenschuhe > Stiefeletten > Ankle Boots";"braun";"1-2 Tage";"superweiche, honigfarbene Sohle|violettes Innenfutter";"Hochwertiges Lederimitat";"Innenmaterial: Textilfutter";"Decksohle: Textil";"hochwertiger Kunststoff";"36 37 38";"0";"0"
"BL1-f21-0020-10";"Blowfish Outdoor Schuhe Boots HABBIT";"HOBBIT the ONE and only jetzt als Short Boot! Trendige Modelle von Blowfish, Malibu - der absolute Fashion-Hit! Jetzt bei Zalando.de mit schneller Lieferung und kostenlosem Versand bestellen!";"59.95 EUR";"http://i1.ztatic.de/large/B/L/BL1-f21-0020-10__default__1.jpg";"http://partners.webmasterplan.com/click.asp?ref=535368&site=5643&type=text&tnb=1&diurl=http://www.zalando.de/blowfish-habbit-short-boot-grey-washed-twill.html?cg=03&ch=03";32492847;"Schuhe > Damenschuhe > Outdoor Schuhe > Boots";"grau";"1-2 Tage";"honigfarbene Kreppsohle|violett-farbenes Innenfutter";"Textil";"Innenmaterial: Textilfutter";"Decksohle: Textil";"hochwertiger Kunststoff";"36 37";"1";"0"
"BL1-f21-0020-01";"Blowfish Outdoor Schuhe Boots HABBIT";"HOBBIT the ONE and only jetzt als Short Boot! Trendige Modelle von Blowfish, Malibu - der absolute Fashion-Hit! Jetzt bei Zalando.de mit schneller Lieferung und kostenlosem Versand bestellen!";"59.95 EUR";"http://i1.ztatic.de/large/B/L/BL1-f21-0020-01__default__1.jpg";"http://partners.webmasterplan.com/click.asp?ref=535368&site=5643&type=text&tnb=1&diurl=http://www.zalando.de/blowfish-habbit-short-boot-black-washed-twill.html?cg=03&ch=03";32492847;"Schuhe > Damenschuhe > Outdoor Schuhe > Boots";"schwarz";"1-2 Tage";"griffige Kreppsohle|violettes Innenfutter";"Textil";"Innenmaterial: Textilfutter";"Decksohle: Textil";"hochwertiger Kunststoff";"36 37";"1";"0"
"BL1-f24-0021-03";"Blowfish Outdoor  Boots HEY NOW";"HEY NOW der HIgh-End Blowfish Boot! Trendige Boots von Blowfish, Malibu jetzt bei Zalando.de mit schneller Lieferung und kostenlosem Versand bestellen!";"59.00 EUR";"http://i1.ztatic.de/large/B/L/BL1-f24-0021-03__default__1.jpg";"http://partners.webmasterplan.com/click.asp?ref=535368&site=5643&type=text&tnb=1&diurl=http://www.zalando.de/blowfish-hey-now-canvas-stiefel-dark-brown-washed-twill.html?cg=03&ch=03";32512340;"Schuhe > Damenschuhe > Outdoor > Boots";"braun";"1-2 Tage";"griffige Kreppsohle|antik-farbene Knöpfe";"Textil";"Innenmaterial: Textilfutter";"Decksohle: Textil";"hochwertiger Kunststoff";"36";"0";"0"
"VA1-f07-0032-06";"Vagabond Damenschuhe Pumps PIURA";"Ein Must-Have für den Sommer: der neue Vagabond Lederpumps | Jetzt versandkostenfrei bei Zalando.de bestellen!";"59.00 EUR";"http://i1.ztatic.de/large/V/A/VA1-f07-0032-06__default__1.jpg";"http://partners.webmasterplan.com/click.asp?ref=535368&site=5643&type=text&tnb=1&diurl=http://www.zalando.de/vagabond-piura-keil-lederpumps-gruen.html?cg=03&ch=03";32436500;"Schuhe > Damenschuhe > Pumps";"gruen";"1-2 Tage";"Dezente Prägung an der Ferse |Blütenprägung auf der Laufsohle";"Leder";"Innenmaterial: Textilfutter";"Decksohle: Leder";"hochwertiger Kunststoff";"37";"0";"0"
"DI1-f24-0026-07";"Diesel Stiefel Flache Stiefel DOLLY";"Heiß wie Wüstensand - das ist der neue Flat-Boot von Diesel. Der DOLLY Stiefel zeigt sich cool in gelbem Wildleder und mit zulaufender Spitze. Jetzt bei Zalando.de mit kostenlosem Versand genießen!";"159.95 EUR";"http://i2.ztatic.de/large/D/I/DI1-f24-0026-07__default__1.jpg";"http://partners.webmasterplan.com/click.asp?ref=535368&site=5643&type=text&tnb=1&diurl=http://www.zalando.de/diesel-dolly-desert-wildleder-gelb.html?cg=03&ch=03";32491618;"Schuhe > Damenschuhe > Stiefel > flache Stiefel";"gelb";"1-2 Tage";"Diesel-Logo am Schaft|100 % Leder";"Leder";"Innenmaterial: Lederfutter";"Decksohle: Leder";"echtes Leder";"40";"0";"0"
"DI1-f07-0021-15";"Diesel Pumps Klassische Pumps BLUEBIRD";"Somewhere over the rainbow mit Diesel. Der BLUEBIRD Pumps von der italienischen Modeschmiede komplett aus Leder in burgundy/rose red. Jetzt bei Zalando.de mit kostenlosem Versand!";"209.95 EUR";"http://i1.ztatic.de/large/D/I/DI1-f07-0021-15__default__1.jpg";"http://partners.webmasterplan.com/click.asp?ref=535368&site=5643&type=text&tnb=1&diurl=http://www.zalando.de/diesel-bluebird-lederpumps-burgundy-rose-red.html?cg=03&ch=03";32491626;"Schuhe > Damenschuhe > Pumps > klassische Pumps";"violett";"1-2 Tage";"Diesel-Logo-Niete an der Ferse|überkreuzte Riemchen auf dem Blatt";"Leder";"Innenmaterial: Lederfutter";"Decksohle: Leder";"echtes Leder";"37 39 40";"0";"0"
"DI1-f12-0024-15";"Diesel Sandaletten Hohe Sandaletten WIZARD";"Somewhere over the rainbow mit Diesel. Der WIZARD Pumps von der italienischen Modeschmiede komplett aus Leder in burgundy/rose red. Jetzt bei Zalando.de mit kostenlosem Versand!";"199.95 EUR";"http://i2.ztatic.de/large/D/I/DI1-f12-00024-15__default__1.jpg";"http://partners.webmasterplan.com/click.asp?ref=535368&site=5643&type=text&tnb=1&diurl=http://www.zalando.de/diesel-wizard-ledersandalette-burgundy-rose-red.html?cg=03&ch=03";32491623;"Schuhe > Damenschuhe > Sandaletten > Hohe Sandaletten";"violett";"1-2 Tage";"Diesel-Logo-Niete an der Ferse|überkreuzte Riemchen auf dem Blatt";"Leder";"Innenmaterial: Lederfutter";"Decksohle: Leder";"echtes Leder";"37";"0";"0"
"SO1-f13-0005-10";"Softclox Damenschuhe Sandalen MAYA";"Softclox MAYA bei Zalando.de | Schuh mit WOW-Efekt - Süße, extravagante taupe-farbene Sandalette von Softclox. MAYA jetzt versandkostenfrei bei Zalando.de bestellen!";"79.00 EUR";"http://i1.ztatic.de/large/s/o/so1-f13-0005-10__default__1.jpg";"http://partners.webmasterplan.com/click.asp?ref=535368&site=5643&type=text&tnb=1&diurl=http://www.zalando.de/softclox-maya-holzsandalette-taupe.html?cg=03&ch=03";32436504;"Schuhe > Damenschuhe > Sandaletten";"grau";"1-2 Tage";"Griffiges Laufsohlenprofil|Speziell entwickeltes Gelenk in der Sohle ermöglicht ´leises´ laufen";"Leder";"";"Decksohle: Holz";"hochwertiger Kunststoff";"42 43";"0";"0"
"EL1-f02-0023-15";"El Naturalista Outdoor  Boots WAKATAUA";"El Naturalista WAKATAUA bei Zalando.de | Leder Boot mit Natur-Feeling pur | Bestellen Sie jetzt ihre neuen WAKATAUA in violett bei Zalando.de und profitieren Sie von unserem kostenlosen Versandservice!";"105.00 EUR";"http://i2.ztatic.de/large/E/L/EL1-f02-0023-15__default__1.jpg";"http://partners.webmasterplan.com/click.asp?ref=535368&site=5643&type=text&tnb=1&diurl=http://www.zalando.de/el-naturalista-wakataua-lederschnuerer-mora.html?cg=03&ch=03";32512340;"Schuhe > Damenschuhe > Outdoor > Boots";"violett";"1-2 Tage";"robust und sportiv|natürliche Materialien";"Leder";"Innenmaterial: Lederfutter";"Decksohle: Leder";"hochwertiger Natur-Kautschuk";"36 37 40";"0";"0"
"El1-f21-0025-15";"El Naturalista Outdoor  Boots RECYCLUS";"Brandneu - der RECYCLUS von El Naturalista | Bestellen Sie jetzt Ihre neuen RECYCLUS lila-rioja-tibet bei Zalando.de und profitieren Sie von unserem kostenlosen Versandservice!";"89.00 EUR";"http://i1.ztatic.de/large/E/L/EL1-f21-0025-15__default__1.jpg";"http://partners.webmasterplan.com/click.asp?ref=535368&site=5643&type=text&tnb=1&diurl=http://www.zalando.de/el-naturalista-recyclus-stiefelette-lila-rioja.html?cg=03&ch=03";32512340;"Schuhe > Damenschuhe > Outdoor > Boots";"violett";"1-2 Tage";"natürliche Biomaterialien|überlappende Lederoptik";"Leder";"Innenmaterial: Lederfutter";"Decksohle: Leder";"hochwertiger Kunststoff";"36";"0";"0"
"El1-f24-0027-17";"El Naturalista Outdoor  Boots RECYCLUS";"EL NATURALISTA RECYCLUS bei Zalando.de - Langschaft-Stiefel mit vegan gegerbtem Leder. Bestellen Sie jetzt bei Zalando.de und profitieren Sie von unserem kostenfreien Versandservice!";"109.00 EUR";"http://i2.ztatic.de/large/E/L/EL1-f24-0027-17__default__1.jpg";"http://partners.webmasterplan.com/click.asp?ref=535368&site=5643&type=text&tnb=1&diurl=http://www.zalando.de/el-naturalista-langschaft-stiefel-recyclus-brown-cuero-skimo.html?cg=03&ch=03";32512340;"Schuhe > Damenschuhe > Outdoor > Boots";"braun komb.";"1-2 Tage";"natürliche Biomaterialien|überlappende Lederoptik";"Leder";"Innenmaterial: Kombination aus Leder und Textilfutter";"Decksohle: Leder";"hochwertiger Kunststoff";"37 38 39 41 42";"0";"0"
"PU1-m06-0044-03";"Rudolf Dassler Herrenschuhe Freizeitschuhe STRASSENGANG";"Rudolf Dassler STRASSENGANG aus Verloursleder von Puma im urbanem Retro-Design. Bestellen Sie jetzt bei Zalando.de mit kostenlosem Versand und schneller Lieferung, ganz entspannt!";"139.95 EUR";"http://i2.ztatic.de/large/P/U/PU1-m06-0044-03__default__1.jpg";"http://partners.webmasterplan.com/click.asp?ref=535368&site=5643&type=text&tnb=1&diurl=http://www.zalando.de/puma-rudolf-dassler-strassengang-sneaker-mid-licorice-musk.html?cg=03&ch=03";32436496;"Schuhe > Herrenschuhe > Freizeitschuhe";"braun";"1-2 Tage";"helle Kontrastnähte|perforiertes Lederfutter";"Leder";"Innenmaterial: Kombination aus Leder und Textilfutter";"Decksohle: Leder";"hochwertiger Kunststoff";"41 42 45";"1";"0"
"EC1-m05-0018-01";"ecco Herrenschuhe Freizeitschuhe HANGAR";"Ecco HANGAR bei Zalando.de | Bestellen Sie den Ecco HANGAR Leder-Bootie aus der Winter-Kollektion versandkostenfrei auf Zalando.de!";"85.00 EUR";"http://i2.ztatic.de/large/E/C/EC1-m05-0018-01__default__1.jpg";"http://partners.webmasterplan.com/click.asp?ref=535368&site=5643&type=text&tnb=1&diurl=http://www.zalando.de/ecco-hangar-leder-schnuerer-black.html?cg=03&ch=03";32436496;"Schuhe > Herrenschuhe > Freizeitschuhe";"schwarz";"1-2 Tage";"sportlicher Schnürer|Applikationen an der Seite";"Leder";"Innenmaterial: Kombination aus Leder und Textilfutter";"Decksohle: Textil";"hochwertiger Kunststoff";"41";"0";"0"
"KA1-f06-0001-16";"KangaROOS Damenschuhe Sneaker SWISH";"Jetzt brandneu bei Zalando: Die neue KangaROOS- Kollektion! | Bestellen Sie versankostenfrei, stressfrei und schnell bei Zalando.de!";"55.00 EUR";"http://i1.ztatic.de/large/k/a/ka1-f06-0001-16__default__1.jpg";"http://partners.webmasterplan.com/click.asp?ref=535368&site=5643&type=text&tnb=1&diurl=http://www.zalando.de/kangaroos-swish-hi-sneaker-pink-white.html?cg=03&ch=03";32436492;"Schuhe > Damenschuhe > Sneaker";"pink";"1-2 Tage";"Schnürsenkelpaar extra in pink und weiß|aufgenähter KangaROOS- Patch auf der Vorderseite der Schuhlasche";"Leder";"Innenmaterial: Textilfutter";"Decksohle: Textil";"hochwertiger Kunststoff";"37";"0";"0"
"KA1-f06-0001-01";"KangaROOS Damenschuhe Sneaker SWISH";"Jetzt brandneu bei Zalando: Die neue KangaROOS- Kollektion! | Bestellen Sie versankostenfrei und schnell bei Zalando.de!";"45.00 EUR";"http://i2.ztatic.de/large/k/a/ka1-f06-0001-01__default__1_1.jpg";"http://partners.webmasterplan.com/click.asp?ref=535368&site=5643&type=text&tnb=1&diurl=http://www.zalando.de/kangaroos-swish-hi-sneaker-black-iris.html?cg=03&ch=03";32436497;"Schuhe > Damenschuhe > Schnürer";"schwarz";"1-2 Tage";"Schnürsenkelpaar extra in schwarz und lila|aufgenähter KangaROOS- Patch auf der Vorderseite der Schuhlasche";"Leder";"Innenmaterial: Textilfutter";"Decksohle: Textil";"hochwertiger Kunststoff";"37";"0";"0"
"KA1-f06-0001-02";"KangaROOS Damenschuhe Sneaker SWISH";"Jetzt brandneu bei Zalando: Die neue KangaROOS- Kollektion! | Bestellen Sie die neuen Swish-Hi Sneakers versandkostenfrei und schnell bei Zalando.de!";"55.00 EUR";"http://i2.ztatic.de/large/k/a/ka1-f06-0001-02__default__1.jpg";"http://partners.webmasterplan.com/click.asp?ref=535368&site=5643&type=text&tnb=1&diurl=http://www.zalando.de/kangaroos-swish-hi-sneaker-white-light-grey.html?cg=03&ch=03";32436492;"Schuhe > Damenschuhe > Sneaker";"weiss";"1-2 Tage";"extra Schnürsenkelpaar in grau|9-Loch-Schnürung";"Leder";"Innenmaterial: Textilfutter";"Decksohle: Textil";"hochwertiger Kunststoff";"36";"0";"0"
